project_name,class_name,true_pattern,predicted_pattern
cdt,MITTYAdapter,Adapter,Adapter
ant,RmicAdapter,Adapter,Memento
platform,DiscoveryAxis2ConfigurationContextObserver,Observer,Observer
playorm,CursorProxy,Proxy,Proxy
platform,MediationStatsAxis2ConfigurationContextObserver,Observer,Proxy
sshj,SingletonRandomFactory,Singleton,Singleton
wolips,EOPrototypeListContentProvider,Prototype,Builder
cdt,PathEntryStoreProxy,Proxy,Adapter
cdt,CDataProxyContainer,Proxy,Proxy
cdo,EmbeddedDerbyAdapter,Adapter,Adapter
cayenne,WidgetFactory,AbstractFactory,AbstractFactory
betterFORM,FluxFacade,Facade,Facade
cdt,CModelBuilder2,Builder,Builder
cdt,BuildConsoleStreamDecorator,Decorator,Memento
cruisecontrol,NantBuilder,Builder,Builder
BuildCraft,SiliconProxyClient,Proxy,Proxy
platform,ServiceStatisticsAxis2ConfigurationContextObserver,Observer,Observer
refactoring_guru,XMLExportVisitor,Visitor,Visitor
pcgen-svn,PersistenceObserver,Observer,Observer
flume_1,LatchedDecorator,Decorator,Decorator
playorm,NoSqlProxyImpl,Proxy,Visitor
Cream,LoggingObserver,Observer,Observer
maven-3,LifecycleWeaveBuilder,Builder,Singleton
eclipse.platform.ui,IMemento,Memento,Memento
biojava-legacy,ExceptionMemento,Memento,Visitor
OpenSIG,ImportacaoProxy,Proxy,Observer
sample-projects,Visitor,Visitor,Visitor
pcgen-svn,TermEvaluatorBuilder,Builder,Proxy
eclipse.platform.debug,ExpressionManagerMementoProvider,Memento,Memento
teiid-designer,SearchRuntimeAdapter,Adapter,FactoryMethod
molgenis_apps,DataDecorator,Decorator,Decorator
DownloadProvider,SystemFacade,Facade,Singleton
helma,Prototype,Prototype,Prototype
ant,TaskAdapter,Adapter,FactoryMethod
fafdtibb,LimitModeTreeBuilderFactory,FactoryMethod,Builder
ccw,BreakpointAdapterFactory,FactoryMethod,Adapter
platform,SynapseObserver,Observer,Observer
basiclti-portlet,AbstractAdapter,Adapter,Adapter
AllBinary-Platform,UploadMediaSingleton,Singleton,Decorator
ocl,AbapdictionaryFactory,AbstractFactory,AbstractFactory
magic-config,DecoratorFactoryImpl,FactoryMethod,Decorator
Cours-3eme-ann-e,AbstractFacade,Facade,Facade
AllBinary-Platform,RemoteErrorHighScoresSingletonFactory,Singleton,Singleton
jabylon,UsersFactoryImpl,AbstractFactory,AbstractFactory
spring-migration-analyzer,StubResultGatheringClassVisitorFactory,Visitor,Visitor
cdt,ICPPASTVisitor,Visitor,Visitor
molgenis_apps,NameableDecorator,Decorator,Decorator
infinitest,WorkspaceFacade,Facade,Observer
swp1-teamhub,ProjektFacade,Facade,Facade
A7B36ASS,AbstractFactory,AbstractFactory,AbstractFactory
cdt,BuildConsoleStreamDecorator,Decorator,Memento
OpenSIG,ExportacaoProxy,Proxy,Proxy
SWE12-Drone,PrototypeBrickAdapter,Adapter,Prototype
sslr,EmptyRepetitionVisitor,Visitor,Visitor
geotoolkit-pending,RandomStyleBuilder,Builder,AbstractFactory
pellet,FSMBuilder,Builder,Singleton
jbehave-core,SpringStoryReporterBuilderBehaviour,Builder,Singleton
petals-studio,MailFactoryImpl,AbstractFactory,AbstractFactory
cdt,ASTGenericVisitor,Visitor,Visitor
java-design-patterns,AbstractFactory,AbstractFactory,AbstractFactory
santuario-java,EncryptionElementProxy,Proxy,Proxy
ant,ResourceDecorator,Decorator,Memento
activemq,JournalFacade,Facade,Proxy
smsc-server,MessageManagerFactory,FactoryMethod,FactoryMethod
cxf,StaxBuilder,Builder,Builder
pcgen-svn,EqBuilder,Builder,Adapter
molgenis_apps,LibraryLaneDecorator,Decorator,Decorator
Promasi-V2,DepartmentMemento,Memento,Memento
Promasi-V2,CompanyMemento,Memento,Memento
flume_1,BloomCheckDecorator,Decorator,Decorator
biomixer,ResourceSetPresenterDropCommandFactory,FactoryMethod,Memento
rap,ConfigurationElementMemento,Memento,Memento
cdt,CElementDeltaBuilder,Builder,Proxy
petals-studio,JmsFactoryImpl,AbstractFactory,AbstractFactory
cdt,CodeFormatterVisitor,Visitor,Visitor
tapestry-bootstrap,SessionBindingFactory,FactoryMethod,FactoryMethod
cxf,DefinitionVisitor,Visitor,FactoryMethod
OpenSIG,Visitor,Visitor,Visitor
AllBinary-Platform,ConsolidatedMotionRectanglesResultsCacheSingleton,Singleton,Singleton
cxf,SimpleTypeSpecVisitor,Visitor,Visitor
osate2-core,VirtualProcessorPrototypeImpl,Prototype,Prototype
freemind,ConditionNotSatisfiedDecorator,Decorator,Singleton
ASEME,AIPFactory,AbstractFactory,AbstractFactory
platform,Observers,Observer,Observer
javassist,Proxy,Proxy,Proxy
ocl,XsdFactory,AbstractFactory,AbstractFactory
small-team-km-android-client,ImageCacheSoftRefSingleton,Singleton,Singleton
protogrid,BaseDataPrototype,Prototype,Prototype
soapui,RestServiceFactory,FactoryMethod,FactoryMethod
cdt,CDTViewerDropAdapter,Adapter,Adapter
derby,DatabaseManager,Singleton,Decorator
hbase,ThriftServerMetricsSourceFactory,FactoryMethod,Singleton
harmony-classlib,Observable,Observer,Observer
cdt,CWorkbenchAdapter,Adapter,Adapter
DownloadProvider,DownloadAdapter,Adapter,Facade
kodejava,SingletonDemo,Singleton,Builder
biomixer,UpdateResourceSetAvatarLabelFactory,FactoryMethod,FactoryMethod
cucumber-jvm,FileResourceIteratorFactory,FactoryMethod,FactoryMethod
ocl,OCLinEcoreCSTFactory,AbstractFactory,AbstractFactory
geotoolkit-pending,SingletonIterator,Singleton,Singleton
intellij-community,SingletonInspection,Singleton,Memento
rap,MementoStateManager,Memento,Memento
cxf,MessageReplayObserver,Observer,Observer
dawn-third,AnnotationMemento,Memento,Memento
crunch,JobPrototype,Prototype,Builder
OneSwarm,ExternalTextResourcePrototype,Prototype,Prototype
Alice,ElementPrototype,Prototype,Prototype
activemq,JobSchedulerFacade,Facade,Facade
nuxeo-tycho-osgi,Memento,Memento,Memento
Android-RTMP,FFMPEGPrototype,Prototype,Prototype
platform,CassandraAxis2ConfigurationContextObserver,Observer,Observer
Alice,CallToUserDefinedQuestionPrototype,Prototype,Builder
Cours-3eme-ann-e,AeroportFacadeREST,Facade,Facade
studio2,IMemento,Memento,Memento
jbehave-core,WeldStepsFactory,Singleton,AbstractFactory
pcgen-svn,LoadableFacade,Facade,Singleton
intellij-community,JavaPsiFacade,Facade,Singleton
maven-3,MavenSettingsBuilder,Builder,Builder
mongkie,EnrichmentBuilder,Builder,Facade
pellet,NumericComparisonVisitor,Visitor,Visitor
cxf,PortTypeVisitor,Visitor,Visitor
ant,DefaultRmicAdapter,Adapter,Adapter
harmony-classlib,Proxy,Proxy,Proxy
sslr,ExecutionFlowVisitor,Visitor,Visitor
refactoring_guru,WindowsFactory,AbstractFactory,AbstractFactory
jbehave-core,AnnotationBuilder,Builder,Builder
HunApkNotifier,HunApkListAdapter,Adapter,Adapter
petals-studio,Cdk5FactoryImpl,AbstractFactory,AbstractFactory
ChenSun,V1toV2StatementInterceptorAdapter,Adapter,Adapter
molgenis_apps,MolgenisFileDecorator,Decorator,Decorator
flume_1,ExceptionTwiddleDecorator,Decorator,Memento
TapIt-Android-SDK-Source,AlertAdProxy,Proxy,Observer
cdt,IModelVisitor,Visitor,Visitor
harmony-classlib,BeanContextContainerProxy,Proxy,Facade
see,BigDecimalFactory,AbstractFactory,Singleton
cdo,DawngenmodelItemProviderAdapterFactory,Adapter,Adapter
spring-migration-analyzer,DelegatingClassVisitor,Visitor,Visitor
wayback,ARCRecordingProxy,Proxy,Facade
java-game-server,UDPPipelineFactory,FactoryMethod,AbstractFactory
Lord-of-Ultima-Manager,CityAdapter,Adapter,Adapter
ocl,XsdFactoryImpl,AbstractFactory,AbstractFactory
flume_1,BenchmarkInjectDecorator,Decorator,Decorator
soapui,EmptyPanelBuilder,Builder,Builder
see,IntegerFactory,AbstractFactory,AbstractFactory
pellet,NumberToLiteralVisitor,Visitor,Visitor
cfeclipse,URLDecorator,Decorator,Decorator
cdt,ProblemsLabelDecorator,Decorator,Decorator
harmony-classlib,ProxySelector,Proxy,Proxy
wayback,MementoReplayRendererDecorator,Decorator,Decorator
biojava-legacy,BioSQLRichObjectBuilder,Builder,FactoryMethod
jbehave-core,InstanceStepsFactory,AbstractFactory,AbstractFactory
santuario-java,SignatureAlgorithmFactory,FactoryMethod,FactoryMethod
magic-config,DoubleTagDecorator,Decorator,Decorator
ju4pa,ConcurrentModificationObserver,Observer,Adapter
jamendo-android,LicenseBuilder,Builder,Builder
milton,SpringResourceFactoryFactory,AbstractFactory,AbstractFactory
mitfahrzentraleClient,ObjectFactory,FactoryMethod,FactoryMethod
fafdtibb,MapperTreeBuilder,Builder,Facade
fuzzydb,IDecorator,Decorator,Prototype
eclipse.platform.debug,ControlsMementoProvider,Memento,Memento
openejb,ThreadSingletonServiceImpl,Singleton,Observer
ASEME,IACFactoryImpl,AbstractFactory,AbstractFactory
cdo,CDOFeatureDeltaVisitor,Visitor,Visitor
pellet,DefaultAtomObjectVisitor,Visitor,Visitor
dozer,UserBeanFactory,FactoryMethod,FactoryMethod
spring-migration-analyzer,StubResultGatheringFieldVisitor,Visitor,Visitor
BuildCraft,CoreProxyClient,Proxy,Proxy
swing-mvc-demo,UserModelObserver,Observer,Observer
zk,UiFactory,AbstractFactory,Singleton
harmony-classlib,BeanContextChildComponentProxy,Proxy,Prototype
cdt,DocumentAdapter,Adapter,Memento
cdt,PDOMASTAdapter,Adapter,Adapter
OneSwarm,ImageResourcePrototype,Prototype,Prototype
sslr,RuleMatchersVisitor,Visitor,Visitor
cdk,PropertyAdapter,Adapter,Adapter
cxf,AbstractFaultChainInitiatorObserver,Observer,Observer
AllBinary-Platform,InputAutomationModuleConfigurationsSingletonFactory,Singleton,Singleton
cxf,MTOMAssertionBuilder,Builder,Builder
SWE12-Drone,PrototypeBrickAdapter,Prototype,Adapter
flume_1,ReorderDecorator,Decorator,Decorator
basiclti-portlet,WikispacesAdapter,Adapter,Adapter
jamendo-android,ReviewBuilder,Builder,Builder
eclipse.platform.debug,ElementMementoProvider,Memento,Memento
vogella,MyEnumSingleton,Singleton,Visitor
cdt,CodanBuilder,Builder,Builder
faban,AboveTimedSSLSocketFactory,FactoryMethod,AbstractFactory
AllBinary-Platform,AllMotionRectanglesResultsCacheSingleton,Singleton,Singleton
platform,MessageStoreObserver,Observer,Observer
liferay-portal,LayoutPrototypePermission,Prototype,Decorator
AllBinary-Platform,TestingInputSingleton,Singleton,Singleton
intellij-community,Singleton,Singleton,Singleton
social_1,PlacePrototype,Prototype,Prototype
AllBinary-Platform,DisplayInfoSingleton,Singleton,Decorator
cw-omnibus,ContentsAdapter,Adapter,Proxy
platform,ActivityMediationStatisticsObserver,Observer,Observer
bio_quiz,AbstractFacade,Facade,Observer
CIDE,ScreenSingleton,Singleton,Singleton
spring-social-twitter,PlacePrototype,Prototype,Prototype
platform,STSObserver,Observer,Observer
nuxeo-tycho-osgi,XMLMemento,Memento,Memento
iBatisWorkShop,NoXmlSingletonConnectionManager,Singleton,Singleton
osate2-core,ThreadPrototypeImpl,Prototype,Prototype
cdt,IncludeReferenceProxy,Proxy,Prototype
swp1-teamhub,AbstractFacade,Facade,Facade
intellij-community,CodeStyleFacade,Facade,Facade
ant,ResourceFactory,FactoryMethod,FactoryMethod
eclipse.platform.debug,XMLMemento,Memento,Memento
milton,HrResourceFactory,FactoryMethod,FactoryMethod
intellij-community,MockFileIndexFacade,Facade,Facade
pcgen-svn,FacadeFactory,Facade,Facade
thredds,Nc4prototypes,Prototype,Visitor
jbehave-core,User,Facade,Visitor
DimSim,ObjectProxy,Proxy,Memento
LoL-Chat,IXmppFacade,Facade,Facade
activemq,SingletonBrokerFacade,Facade,Singleton
hivedb,DirectoryFacadeProvider,Facade,Facade
swp1-teamhub,AufgabeFacade,Facade,Facade
eclipse.platform.debug,BreakpointMementoProvider,Memento,Memento
platform,JAXWSAxis2ConfigurationObserver,Observer,Observer
DownloadProvider,RealSystemFacade,Facade,Facade
jackrabbit,AccessControlObserver,Observer,Observer
birt,MementoBuilder,Memento,Memento
biojava-legacy,URLFactory,FactoryMethod,FactoryMethod
cxf,ClientMessageObserver,Observer,Observer
eclipse.platform.debug,RegisterGroupMementoProvider,Memento,Memento
platform,MediationStatisticsObserver,Observer,Observer
cucumber-jvm,ZipResourceIteratorFactory,FactoryMethod,FactoryMethod
biomixer,NcboJsonpRestUrlBuilderFactory,FactoryMethod,FactoryMethod
osate2-core,ThreadGroupPrototypeImpl,Prototype,Prototype
openejb,SingletonInstanceManager,Singleton,Builder
LimeWire-Pirate-Edition,GnutellaDownloadMementoImpl,Memento,Memento
xdi2,Prototype,Prototype,Singleton
Promasi-V2,CalculatedEquationMemento,Memento,Memento
eclipse.platform.ui,ConfigurationElementMemento,Memento,Memento
pellet,NumericComparisonVisitor,Visitor,Visitor
molgenis_apps,NameableDecorator,Decorator,Decorator
teiid-designer,MappingLabelDecorator,Decorator,Decorator
platform_frameworks_base,AnimatorListenerAdapter,Adapter,Observer
ocl,CompleteOCLCSTFactoryImpl,AbstractFactory,AbstractFactory
flume_1,InMemoryDecorator,Decorator,Decorator
jbehave-core,GroovyAnnotationBuilder,Builder,Builder
ocl,AbapmappingFactory,AbstractFactory,Visitor
cdt,DelegatingDragAdapter,Adapter,Facade
cdt,CDTViewerDragAdapter,Adapter,Observer
pcgen-svn,QualifiedDecorator,Decorator,Decorator
spring-migration-analyzer,DelegatingAnnotationVisitor,Visitor,Visitor
cfeclipse,ImageDecorator,Decorator,Decorator
Lord-of-Ultima-Manager,TroopAdapter,Adapter,Adapter
molgenis_apps,IdentifiableDecorator,Decorator,Decorator
cdo,CDOLazyContentAdapter,Adapter,Proxy
cdt,BreakpointVMModelProxyStrategy,Proxy,Proxy
basiclti-portlet,ChemvantageAdapter,Adapter,Adapter
cdk,TaglibGeneratorVisitor,Visitor,Visitor
ASEME,SRMFactory,AbstractFactory,AbstractFactory
de-webapp,MessageServiceFacade,Facade,Proxy
pcgen-svn,EquipmentSetFacadeImpl,Facade,Facade
flume_1,InsistentAppendDecorator,Decorator,Decorator
cxf,TemplateTypeSpecVisitor,Visitor,Visitor
BuildCraft,EnergyProxyClient,Proxy,Proxy
platform,SalesforceProxyImpl,Proxy,Proxy
jbehave-core,AuthenticationPolicyBuilder,Builder,Builder
sslr,EmptyVisitor,Visitor,Memento
cruisecontrol,Maven2Builder,Builder,Builder
tapestry-bootstrap,BootStrapValidationDecorator,Decorator,Memento
infinitest,ProjectFacade,Facade,Builder
m2eclipse-extras,P2Facade,Facade,Memento
pcgen-svn,DescriptionFacadeImpl,Facade,Facade
milton,ImageTableObserver,Observer,Adapter
cdk,AdapterBase,Adapter,Builder
platform,Axis2ConfigurationContextObserverImpl,Observer,Observer
teiid-designer,VdbModelBuilder,Builder,Singleton
magic-config,DecoratorFactoryImpl,Decorator,FactoryMethod
swing-mvc-demo,MainModelObserver,Observer,Observer
cdt,BasicSelectionTransferDragAdapter,Adapter,Facade
BuildCraft,BuilderProxyClient,Proxy,Proxy
openejb,ThreadSingletonService,Singleton,Builder
osate2-core,ComponentPrototypeBinding,Prototype,Prototype
soapui,InspectorFactory,FactoryMethod,Prototype
osate2-core,ProcessorPrototypeImpl,Prototype,Prototype
pcgen-svn,SourceSelectionFacade,Facade,Facade
maven-3,DefaultJavaToolchainFactory,FactoryMethod,FactoryMethod
AllBinary-Platform,ProcessPaintableSingletonFactory,Singleton,Singleton
zen-project,SingletonSolrAware,Singleton,Singleton
frostwire-desktop,NetworkAdminHTTPProxyImpl,Proxy,Proxy
openejb,SingletonCalculatorClient,Singleton,Observer
platform,PDPProxy,Proxy,Proxy
cdt,FunctionPrototypeSummary,Prototype,Prototype
petals-studio,Filetransfer3FactoryImpl,AbstractFactory,AbstractFactory
maven-3,DefaultSettingsBuilder,Builder,Builder
archaius,ExpandedConfigurationListenerAdapter,Adapter,Facade
teiid-designer,CoreMatcherFactory,FactoryMethod,FactoryMethod
Alice,ResponsePrototype,Prototype,FactoryMethod
jamendo-android,DownloadJobBuilder,Builder,Builder
biomixer,DisableIfEmptyResourceSetAvatarFactory,FactoryMethod,FactoryMethod
ccw,ClojureLineBreakpointAdapter,Adapter,Builder
cayenne,DefaultWidgetFactory,AbstractFactory,AbstractFactory
biomixer,ResourceSetAvatarDropCommandFactory,FactoryMethod,Singleton
ocl,QuantitystructureFactoryImpl,AbstractFactory,AbstractFactory
pcgen-svn,LanguageChooserFacadeImpl,Facade,Facade
pcgen-svn,CharacterLevelsFacadeImpl,Facade,Facade
LimeWire-Pirate-Edition,AbstractLazySingletonProvider,Singleton,FactoryMethod
jamendo-android,AlbumBuilder,Builder,Builder
pcgen-svn,TemplateFacade,Facade,Memento
de-webapp,FileEditorServiceFacade,Facade,Memento
fafdtibb,LimitModeTreeBuilderFactory,Builder,FactoryMethod
orion.server,OSGiConsoleFactory,FactoryMethod,FactoryMethod
jbehave-core,GuiceAnnotationBuilder,Builder,Builder
XobotOS,Singleton,Singleton,Singleton
ASEME,StatechartFactoryImpl,AbstractFactory,AbstractFactory
console_1,CoreUISingleton,Singleton,Singleton
spring-migration-analyzer,DelegatingMethodVisitor,Visitor,Visitor
activemq,BrokerFacadeSupport,Facade,Facade
cxf,AddressingAssertionBuilder,Builder,Builder
ASEME,AIPFactoryImpl,AbstractFactory,AbstractFactory
MPS,MementoPersistence,Memento,Memento
playorm,ListProxy,Proxy,Facade
protogrid,GridPrototype,Prototype,Prototype
android-rackspacecloud,NioTransformingHttpCommandExecutorServiceModule,Singleton,Singleton
Generic-Graph-View,InstancemodelFactoryImpl,AbstractFactory,AbstractFactory
pcgen-svn,CDOMFactory,FactoryMethod,AbstractFactory
SamyGo-Android-Remote,BSeriesKeyCodeSenderFactory,FactoryMethod,FactoryMethod
osate2-core,ComponentPrototypeActualImpl,Prototype,Prototype
cogroo4,CogrooSingleton,Singleton,Proxy
dawn-third,TraceMemento,Memento,Memento
javassist,Proxy,Proxy,Proxy
refactoring_guru,Memento,Memento,Memento
MPS,MappingsMemento,Memento,Memento
OpenSIG,ComercialProxy,Proxy,Proxy
cxf,ModuleVisitor,Visitor,Visitor
LimeWire-Pirate-Edition,BTMetaInfoMementoImpl,Memento,Memento
osate2-core,FeaturePrototype,Prototype,Prototype
eclipse.platform.debug,ExpressionMementoProvider,Memento,Memento
platform,HiveAxis2ConfigObserver,Observer,Observer
Catroid,PrototypeBrickAdapter,Prototype,Adapter
lcmc,PrototypeFactory,Prototype,FactoryMethod
biomixer,ResourceSetFactory,FactoryMethod,FactoryMethod
AndroidBillingLibrary,MockBillingObserver,Observer,Decorator
Emma,AbstractItemVisitor,Visitor,Visitor
frostwire-desktop,MouseObserver,Observer,Observer
osate2-core,PrototypeBinding,Prototype,Prototype
studio3,XMLMemento,Memento,Memento
TwelveMonkeys,Visitor,Visitor,Visitor
spring-migration-analyzer,EjbDetectingClassVisitor,Visitor,Visitor
biomixer,Memento,Memento,Memento
platform,RSSManagerAxis2ConfigContextObserver,Observer,Singleton
Promasi-V2,EmployeeMemento,Memento,Memento
sherlog,SimpleLogEventFilterMemento,Memento,Memento
UK-Ejemplos,EventObserver,Observer,Observer
arquillian_deprecated,ObserverImpl,Observer,Visitor
pcgen-svn,ShowMessageGuiObserver,Observer,Observer
flume_1,EventSinkDecorator,Decorator,Decorator
cfeclipse,URLDecoratorDescriptor,Decorator,Decorator
mongkie,DecoratorItem,Decorator,Facade
flume_1,DelayDecorator,Decorator,Decorator
cdt,MultiBuildConsoleAdapter,Adapter,Adapter
DownloadProvider,DateSortedDownloadAdapter,Adapter,Adapter
cdk,RendererAdapter,Adapter,Adapter
molgenis_apps,MolgenisUserDecorator,Decorator,Decorator
molgenis_apps,AuthorizableDecorator,Decorator,Decorator
cdt,TextViewerDragAdapter,Adapter,Decorator
basiclti-portlet,StandardAdapter,Adapter,Adapter
pcgen-svn,LanguageFacade,Facade,Facade
molgenis_apps,BiobankDecorator,Decorator,Decorator
jamendo-android,TrackBuilder,Builder,Builder
dozer,BeanMappingBuilder,Builder,Builder
po-mindstorms,FacadeSector,Facade,Singleton
AllBinary-Platform,NoGameNotificationHudSingleton,Singleton,Singleton
intellij-community,FacetEditorFacade,Facade,Proxy
jamendo-android,AlbumDatabaseBuilder,Builder,Builder
cdk,ValidatorAdapter,Adapter,Adapter
DimSim,SimpleProtocolCodecFactory,AbstractFactory,FactoryMethod
android-rackspacecloud,ConnectionPoolCommandExecutorServiceModule,Singleton,Proxy
api,IsolatedStaticSingletonProvider,Singleton,Singleton
fuzzydb,BooleanDecorator,Decorator,Decorator
BuildCraft,BuilderProxy,Proxy,Proxy
cdt,ACBuilder,Builder,Adapter
Catroid,PrototypeBrickAdapter,Adapter,Prototype
cfeclipse,URLDecoratorImageDescriptor,Decorator,Decorator
AllBinary-Platform,MakeCountedPartsSingletonArrayFactory,Singleton,Singleton
DimSim,EventsJsonProxy,Proxy,Prototype
console_1,AggregatedConsoleSingleton,Singleton,Singleton
pcgen-svn,SpellFacadeImplem,Facade,Facade
cxf,JAXWSDefinitionBuilder,Builder,Builder
directory-server,AvlTreeSingleton,Singleton,Builder
pcgen-svn,ListFacade,Facade,Facade
dozer,SampleDefaultBeanFactory,FactoryMethod,FactoryMethod
platform_frameworks_base,Singleton,Singleton,Singleton
platform,PaypalNVPProxy,Proxy,Proxy
DownloadProvider,DateSortedExpandableListAdapter,Adapter,Adapter
Lord-of-Ultima-Manager,SessionAdapter,Adapter,Adapter
ocl,ExpressionsFactory,AbstractFactory,AbstractFactory
flume_1,DigestDecorator,Decorator,Decorator
accent,ChannelListenerAdapter,Adapter,Observer
jbehave-core,FilePrintStreamFactory,FactoryMethod,FactoryMethod
see,NumberFactory,AbstractFactory,Facade
cdk,ELVisitor,Visitor,Adapter
AllBinary-Platform,NullHighScoresSingletonFactory,Singleton,Singleton
CIDE,ScreenSingleton,Singleton,Singleton
bio_quiz,QuestionFacade,Facade,Facade
cdt,CPPASTAllVisitor,Visitor,Visitor
spring-migration-analyzer,ApiUsageDetectingAsmVisitor,Visitor,Visitor
cruisecontrol,CompositeBuilder,Builder,Builder
swp1-teamhub,BenutzerFacade,Facade,Facade
computercraft-spout,Prototype,Prototype,Prototype
eclipse.platform.ui,XMLMemento,Memento,Memento
cdk,AptBuilder,Builder,Builder
Promasi-V2,TaskBridgeMemento,Memento,Prototype
osate2-core,DataPrototypeImpl,Prototype,Prototype
ASEME,SUCFactory,AbstractFactory,AbstractFactory
Generic-Graph-View,GraphViewStyleFactory,AbstractFactory,AbstractFactory
Generic-Graph-View,InstancemodelFactory,AbstractFactory,AbstractFactory
fafdtibb,FastNodeBuilderFactory,Builder,Builder
smsc-server,DbUserManagerFactory,FactoryMethod,FactoryMethod
pcgen-svn,AbstractListFacade,Facade,Facade
dozer,CacheKeyFactory,FactoryMethod,FactoryMethod
pcgen-svn,SizeFacade,Facade,Facade
frostwire-desktop,ProxyBlock,Proxy,Memento
jbehave-core,ProvidedStepsFactory,AbstractFactory,AbstractFactory
cdo,VersionBuilder,Builder,Memento
pcgen-svn,InfoFactory,Facade,Facade
cxf,ParamTypeSpecVisitor,Visitor,Visitor
maven-3,DefaultProjectBuilder,Builder,Builder
ocl,ConstraintsFactory,AbstractFactory,Singleton
prevayler,MementoTransaction,Memento,Memento
MPS,Memento,Memento,Memento
swing-mvc-demo,GroupModelObserver,Observer,Observer
jbehave-core,GameFrame,Observer,Observer
cdt,ASTCommenterVisitor,Visitor,Visitor
Alice,CallToUserDefinedResponsePrototype,Prototype,Prototype
cdo,CDOFeatureDeltaVisitorImpl,Visitor,Visitor
cxf,StringVisitor,Visitor,Visitor
eclipse.platform.debug,StackFrameMementoProvider,Memento,Memento
pellet,ATermBaseVisitor,Visitor,Visitor
Promasi-V2,ProjectTaskMemento,Memento,Memento
Android-RTMP,FFMPEGPrototype,Prototype,Prototype
BuildCraft,BuildersProxy,Proxy,Memento
Promasi-V2,MarketPlaceMemento,Memento,Memento
eclipse.jdt.core,MementoTokenizer,Memento,Singleton
platform,PersistingStatisticsObserver,Observer,Observer
rap,ConfigurationElementMemento,Memento,Memento
cdk,RendererClassVisitor,Visitor,Visitor
milton,HrResourceFactoryFactory,AbstractFactory,FactoryMethod
maven-3,ToolchainFactory,FactoryMethod,AbstractFactory
cxf,ConstVisitor,Visitor,Visitor
osate2-core,FeatureGroupPrototypeBindingImpl,Prototype,Prototype
ChenSun,LoadBalancingConnectionProxy,Proxy,Proxy
harmony-classlib,Proxy,Proxy,Proxy
platform,DeploymentSyncAxis2ConfigurationContextObserver,Observer,Observer
javassist,ScopedClassPoolFactoryImpl,FactoryMethod,FactoryMethod
s4,PrototypeWrapper,Prototype,Singleton
LimeWire-Pirate-Edition,MagnetDownloadMementoImpl,Memento,Memento
com.happyprog.tdgotchi,RefactoringObserver,Observer,Observer
soapui,ResponseEditorViewFactory,FactoryMethod,AbstractFactory
wayback,ReplayRendererDecoratorFactory,FactoryMethod,AbstractFactory
jbehave-core,GameObserver,Observer,Observer
ecf,SmartProxy,Proxy,Singleton
osate2-core,AbstractPrototypeImpl,Prototype,Prototype
milton,ResourceFactory,FactoryMethod,FactoryMethod
ant,TimeoutObserver,Observer,Singleton
harmony-classlib,MockBeanContextProxy,Proxy,Proxy
BMach,IObserver,Observer,Observer
sablecc,MParamRefPrototype,Prototype,Prototype
osate2-core,ComponentPrototypeImpl,Prototype,Prototype
protoj,Prototype,Prototype,Prototype
OneSwarm,DHTRouterObserver,Observer,Observer
Android-Simple-Social-Sharing,TwitterEventObserver,Observer,Observer
cdt,UpdatePolicyDecorator,Decorator,Proxy
cdo,DNDDropAdapter,Adapter,Decorator
cruisecontrol,LogFileSetupDecorator,Decorator,Observer
gson,ProtoTypeAdapter,Adapter,Builder
android-rackspacecloud,ApacheHCHttpCommandExecutorServiceModule,Singleton,Singleton
flume_1,GunzipDecorator,Decorator,Decorator
basiclti-portlet,NoteflightAdapter,Adapter,Adapter
ant,JspCompilerAdapter,Adapter,Singleton
java-game-server,ExecutionHandlerSingleton,Singleton,Singleton
flume_1,FormatterDecorator,Decorator,Decorator
fest-reflect,DecoratorInvocationHandler,Decorator,Proxy
mongkie,DecoratorLabelRenderer,Decorator,Decorator
swp1-teamhub,TeamleiterFacade,Facade,Facade
frostwire-desktop,Decorator,Decorator,Decorator
AllBinary-Platform,StoreAdminUserEmailEventHandlerSingletons,Singleton,Singleton
fuzzydb,Decorator,Decorator,Memento
chute-android-components,HeartsSingleton,Singleton,Singleton
pcgen-svn,PopupMouseAdapter,Adapter,Observer
cdk,EventAdapter,Adapter,Adapter
pcgen-svn,TermEvaluatorBuilderPCVar,Builder,Builder
Get-Another-Label,Decorator,Decorator,FactoryMethod
jbehave-core,SpringAnnotationBuilder,Builder,Builder
cdo,H2Adapter,Adapter,Adapter
emergency-service-drools-app,MessageServerSingleton,Singleton,Singleton
Get-Another-Label,DatumDecorator,Decorator,Facade
Cours-3eme-ann-e,VolFacadeREST,Facade,Facade
jogetworkflow,WorkflowFacade,Facade,Facade
sslr,EmptyAlternativeVisitor,Visitor,Visitor
refactoring_guru,Visitor,Visitor,Visitor
cdt,IndexerInputAdapter,Adapter,Proxy
eclipse.platform.debug,DebugElementMementoProvider,Memento,Memento
eclipse.jdt.ui,Mementos,Memento,Prototype
clusterbench,LocalSingletonEjbServlet,Singleton,Facade
pcgen-svn,UIDelegate,Facade,Proxy
Lord-of-Ultima-Manager,TradeRequestAdapter,Adapter,Adapter
pcgen-svn,SkillFacade,Facade,Facade
cdt,CodeReaderAdapter,Adapter,Facade
cdt,IPathSettingsContainerVisitor,Visitor,Visitor
pcgen-svn,SimpleFacadeImpl,Facade,Facade
ccw,LeiningenBuilder,Builder,Builder
pcgen-svn,PartyFacade,Facade,Facade
faban,RunFacade,Facade,Prototype
pellet,RuleAtomVisitor,Visitor,Visitor
ocl,AbapdictionaryFactoryImpl,AbstractFactory,AbstractFactory
petals-studio,Cdk5Factory,AbstractFactory,AbstractFactory
cdk,TagHandlerGeneratorVisitor,Visitor,Visitor
Akka-JavaEE6-Integracia,SumSingleton,Singleton,Facade
cdt,CStructureCreatorVisitor,Visitor,Adapter
AllBinary-Platform,KeySingletonFactory,Singleton,Proxy
AllBinary-Platform,AdminUserEmailEventHandlerSingletons,Singleton,Singleton
pcgen-svn,TodoFacade,Facade,Facade
jbehave-core,GroovyAnnotationBuilderBehaviour,Builder,Builder
LimeWire-Pirate-Edition,LibTorrentBTDownloadMementoImpl,Memento,Memento
rt.equinox.p2,Memento,Memento,Proxy
cucumber-jvm,ResourceIteratorFactory,FactoryMethod,FactoryMethod
cxf,ScopedNameVisitor,Visitor,Visitor
biomixer,HighlightingResourceSetAvatarFactory,FactoryMethod,Prototype
coala,PdqMessageBuilderImpl,Builder,Builder
pcgen-svn,DefaultListFacade,Facade,Decorator
LimeWire-Pirate-Edition,InNetworkDownloadMemento,Memento,Memento
Emma,ICONSTANTVisitor,Visitor,Visitor
javassist,ProxyObject,Proxy,Visitor
orion.server,ResourceShapeFactory,FactoryMethod,FactoryMethod
dozer,JAXBBeanFactory,FactoryMethod,FactoryMethod
jbehave-core,SpringStepsFactory,AbstractFactory,AbstractFactory
biomixer,NcboRestUrlBuilderFactory,FactoryMethod,FactoryMethod
pellet,ELTaxonomyBuilder,Builder,Builder
java-game-server,UDPChannelPipelineFactory,AbstractFactory,FactoryMethod
A7B36ASS,StudentFactory,AbstractFactory,AbstractFactory
coala,DocumentEntryBuilder,Builder,Facade
dozer,TypeMappingBuilder,Builder,Builder
HMS,AppointmentMemento,Memento,Memento
harmony-classlib,MockBeanContextProxyS,Proxy,Proxy
osate2-core,ComponentPrototypeImpl,Prototype,Prototype
petals-studio,Filetransfer3Factory,AbstractFactory,AbstractFactory
osate2-core,BusPrototypeImpl,Prototype,Prototype
santuario-java,SignatureElementProxy,Proxy,Proxy
harmony-classlib,Proxy,Proxy,Proxy
ecf,IIDFactory,FactoryMethod,FactoryMethod
spring-migration-analyzer,StubResultGatheringClassVisitor,Visitor,Visitor
cxf,JaxbAssertionBuilder,Builder,Builder
jbehave-core,UserBuilder,Builder,Builder
agetac-ng,AddEntityMemento,Memento,Memento
liferay-portal,LayoutPrototypeLocalService,Prototype,Prototype
kahlua2,Prototype,Prototype,Proxy
sample-projects,Visitor,Visitor,Visitor
osate2-core,ComponentPrototypeActual,Prototype,Prototype
wayback,ARCUnwrappingProxy,Proxy,Decorator
osate2-core,FeatureGroupPrototype,Prototype,Prototype
osate2-core,FeatureGroupPrototypeActualImpl,Prototype,Prototype
BuildCraft,SiliconProxy,Proxy,Proxy
wayback,ArchivalUrlResultURIConverterFactory,FactoryMethod,Singleton
suite,Prototype,Prototype,Prototype
jabylon,Memento,Memento,Memento
protoj,Prototype,Prototype,Prototype
cdo,ObjyProxy,Proxy,Prototype
petals-studio,JbiFactory,AbstractFactory,AbstractFactory
SamyGo-Android-Remote,SenderFactory,FactoryMethod,FactoryMethod
osate2-core,SubprogramPrototypeImpl,Prototype,Prototype
platform,ThrottlingAxis2ConfigurationContextObserver,Observer,Observer
zk,DefaultIDOMFactory,AbstractFactory,AbstractFactory
cayenne,TextPaneViewFactory,FactoryMethod,AbstractFactory
BeeQueue,ProxyFactory,Proxy,Builder
softwaremill-common,TransactionExceptionObserver,Observer,Observer
platform,CSGAgentObserverImpl,Observer,Singleton
Client,AddEntityMemento,Memento,Memento
BuildCraft,FactoryProxyClient,Proxy,Proxy
platform,JMXObserver,Observer,Observer
jbehave-core,InjectableStepsFactory,AbstractFactory,AbstractFactory
fop,LoggingElementListObserver,Observer,Observer
JavaDesignPatternExercises,ISubject,Observer,Observer
prevayler,Memento,Memento,Memento
swing-mvc-demo,MainModelObserver,Observer,Observer
cxf,ChainInitiationObserver,Observer,Observer
platform,BAMMediationStatisticsObserver,Observer,Observer
cxf,ColocMessageObserver,Observer,Observer
freemind,ExtendedAttributeTableModelDecorator,Decorator,Decorator
cdk,ComponentAdapter,Adapter,Adapter
cdk,FacesConfigAdapter,Adapter,Adapter
flume_1,InsistentOpenDecorator,Decorator,Decorator
flume_1,ChokeDecorator,Decorator,Decorator
pcgen-svn,ListDataAdapter,Adapter,Facade
pcgen-svn,StatFacade,Facade,Facade
api,Singleton,Singleton,Singleton
flume_1,BenchmarkReportDecorator,Decorator,Decorator
basiclti-portlet,IBasicLTIAdapter,Adapter,Adapter
robo-remote,EmSingleton,Singleton,Facade
pcgen-svn,TempBonusFacade,Facade,Facade
playorm,FactorySingleton,Singleton,Singleton
AllBinary-Platform,LicenseInterfaceSingleton,Singleton,Singleton
fuzzydb,DateDecorator,Decorator,Decorator
bio_quiz,PlayerFacade,Facade,Singleton
AllBinary-Platform,GameConfigurationSingleton,Singleton,Singleton
lyo.rio,ServiceProviderSingleton,Singleton,Singleton
AllBinary-Platform,HighScoreNamePersistanceSingleton,Singleton,Facade
de-webapp,AnalysisContextBuilder,Builder,Builder
sshj,SingletonRandomFactory,Singleton,Singleton
cdt,ChangeGeneratorWriterVisitor,Visitor,Visitor
pizzaapp,ConfigurationSingleton,Singleton,Singleton
flume_1,SelectDecorator,Decorator,Decorator
soapui,RestMethodPanelBuilder,Builder,Builder
cdk,RendererAdapter,Adapter,Adapter
ecf,IDFactory,FactoryMethod,AbstractFactory
cdk,EmptyAnnotationValueVisitor,Visitor,Visitor
pcgen-svn,DomainFacadeImpl,Facade,Facade
ccw,ClojureCore,Facade,Proxy
hbase,ThriftServerMetricsSourceFactoryImpl,FactoryMethod,FactoryMethod
biomixer,ResourceSetAvatarFactory,FactoryMethod,FactoryMethod
orion.server,GitFileDecorator,Decorator,Decorator
jbehave-core,PicoAnnotationBuilderBehaviour,Builder,Builder
pcgen-svn,CharacterLevelFacadeImpl,Facade,Facade
maven-3,ArtifactFactory,FactoryMethod,FactoryMethod
Emma,AbstractClassDefVisitor,Visitor,Visitor
cdo,EresourceItemProviderAdapterFactory,Adapter,Adapter
api,MockResourceFactory,FactoryMethod,FactoryMethod
s4,PrototypeRequest,Prototype,Prototype
flume_1,UnbatchingDecorator,Decorator,Decorator
Lord-of-Ultima-Manager,TradeAdapter,Adapter,Adapter
cruisecontrol,ExecBuilder,Builder,Builder
cdt,SignalsViewModelProxy,Proxy,Proxy
cxf,ParamDclVisitor,Visitor,Visitor
cdk,ElementAdapterBase,Adapter,Proxy
cdt,CfgProxyCache,Proxy,Proxy
osate2-core,FeaturePrototypeActualImpl,Prototype,Prototype
milton,ResourceFactoryFactory,AbstractFactory,AbstractFactory
modapi,Prototype,Prototype,Prototype
osate2-core,SystemPrototypeImpl,Prototype,Prototype
drools,Memento,Memento,Memento
wayback,ReplayParseEventDelegatorVisitor,Visitor,Visitor
tomcat70,ResourceFactory,FactoryMethod,FactoryMethod
cdt,ExcludedFileDecorator,Decorator,Decorator
pellet,NumericComparisonVisitor,Visitor,Visitor
platform,AbstractProxy,Proxy,Decorator
cxf,ConstrTypeSpecVisitor,Visitor,Visitor
magic-config,TagDecorator,Decorator,Decorator
coala,CDABuilder,Builder,FactoryMethod
cdt,ICElementVisitor,Visitor,Visitor
cdt,ExpressionVMProviderModelProxyStrategy,Proxy,Facade
jbehave-core,GroovyStepsFactory,AbstractFactory,AbstractFactory
vogella,MyObserver,Observer,Facade
cdk,AttributeAdapter,Adapter,Adapter
BMach,ISubject,Observer,Observer
carrot2,SimpleXmlMemento,Memento,Memento
A7B36ASS,TeacherFactory,AbstractFactory,AbstractFactory
jamendo-android,PlaylistBuilder,Builder,Builder
Android_1,IClientSocketFactory,FactoryMethod,FactoryMethod
petals-studio,JmsFactory,AbstractFactory,AbstractFactory
LoL-Chat,XmppFacade,Facade,Facade
pcgen-svn,SpellSupportFacadeImpl,Facade,Facade
cdt,DeferredCWorkbenchAdapter,Adapter,Adapter
jbehave-core,GuiceStepsFactory,AbstractFactory,Builder
javassist,ScopedClassPoolFactory,FactoryMethod,FactoryMethod
Emma,IOpcodeVisitor,Visitor,Visitor
petals-studio,MailFactory,AbstractFactory,AbstractFactory
smsc-server,UserManagerFactory,FactoryMethod,FactoryMethod
brightroom,AppHistoryObserver,Observer,Observer
pmd,DumpFacade,Facade,Visitor
frostwire-desktop,TreeMouseObserver,Observer,Observer
platform_frameworks_base,SyncStatusObserver,Observer,Observer
activemq,LocalBrokerFacade,Facade,Facade
coala,PdqRouteBuilder,Builder,Singleton
platform,ProxyServiceParameterObserver,Observer,Observer
liferay-portal,LayoutSetPrototypeWrapper,Prototype,Prototype
harmony-classlib,EventListenerProxy,Proxy,Facade
AxonFramework,SpringPrototypeAggregateFactory,Prototype,Prototype
pellet,GenericTaxonomyBuilder,Builder,Builder
frostwire-desktop,ProxyDefintion,Proxy,Facade
santuario-java,ElementProxy,Proxy,Builder
playorm,IterLogProxy,Proxy,Proxy
CS230-Software-Project,Observable,Observer,Observer
dawn-third,XYGraphMemento,Memento,Facade
cruisecontrol,Builder,Builder,Decorator
jbehave-core,SpringStoryReporterBuilder,Builder,Decorator
refactoring_guru,GUIFactory,AbstractFactory,AbstractFactory
cdt,CVisitor,Visitor,FactoryMethod
ocl,ExpressionsFactoryImpl,AbstractFactory,AbstractFactory
platform,RestAPIObserver,Observer,Observer
cdt,CDataProxy,Proxy,Builder
LimeWire-Pirate-Edition,GnutellaDownloadMemento,Memento,Memento
sablecc,MParamPrototype,Prototype,Prototype
zk,IDOMFactory,AbstractFactory,Builder
Pydev,DialogMemento,Memento,Decorator
Mavenized-Wave-In-A-Box,ViewFactory,AbstractFactory,FactoryMethod
OneSwarm,ExternalTextResourcePrototype,Prototype,Prototype
cxf,ClientOutFaultObserver,Observer,Decorator
eclipse.platform.debug,IElementMementoProvider,Memento,Proxy
dawn-third,AxisMemento,Memento,Decorator
platform,TargetServiceObserver,Observer,Observer
JavaDesignPatternExercises,IMemento,Memento,Memento
JavaDesignPatternExercises,Memento,Memento,Memento
OneSwarm,ImageResourcePrototype,Prototype,Prototype
udig-platform,UdigMemento,Memento,Memento
AllBinary-Platform,ConstrainedMotionRectanglesResultsCacheSingleton,Singleton,Singleton
console_1,GinjectorSingleton,Singleton,Singleton
cytoscape-plugins,ObjectFactorySingleton,Singleton,AbstractFactory
lyo.rio,ServiceProviderSingleton,Singleton,Singleton
cayenne,SingletonFaultFactory,Singleton,AbstractFactory
playorm,FactorySingleton,Singleton,Singleton
pcgen-svn,ModifyChoiceDecorator,Decorator,Decorator
openejb,SingletonContainer,Singleton,Memento
cdt,IncludeFolderDecorator,Decorator,Decorator
cdt,ProjectIndexerInputAdapter,Adapter,Proxy
cdo,CDOLegacyAdapter,Adapter,Decorator
flume_1,GzipDecorator,Decorator,Decorator
cdk,ConverterAdapter,Adapter,Adapter
hivedb,SingletonHiveSessionFactoryBuilder,Singleton,FactoryMethod
jogetworkflow,FormFacade,Facade,Facade
ChenSun,ReflectiveStatementInterceptorAdapter,Adapter,Adapter
pcgen-svn,LanguageChooserFacade,Facade,Facade
Dual-Battery-Widget,IntentReceiver,Adapter,Observer
intellij-community,JavaCodeStyleSettingsFacade,Facade,Singleton
jbehave-core,ExecutorServiceFactory,FactoryMethod,FactoryMethod
Get-Another-Label,DawidSkeneDecorator,Decorator,Singleton
alfresco,TransactionAwareSingleton,Singleton,Memento
cdo,PostgreSQLAdapter,Adapter,Adapter
tomcat70,EjbFactory,FactoryMethod,FactoryMethod
biomixer,HideIfEmptyResourceSetAvatarFactory,FactoryMethod,FactoryMethod
flume_1,BatchingDecorator,Decorator,Decorator
WhartonEventScheduler,EventListCursorAdapter,Adapter,Adapter
cdk,BehaviorRendererAdapter,Adapter,Adapter
emf.compare,DefaultComparisonFactory,FactoryMethod,FactoryMethod
activemq,DurableSubscriberFacade,Facade,Proxy
Get-Another-Label,WorkerDecorator,Decorator,Facade
faban,SocketFactory,FactoryMethod,FactoryMethod
molgenis_apps,NameableDecorator,Decorator,Decorator
wayback,ReplayRendererDecorator,Decorator,Singleton
Mobile-Tour-Guide,BookmarkAdapter,Adapter,Prototype
cxf,PrimitiveTypesVisitor,Visitor,Visitor
hazelcast-cluster-monitor,MapPageBuilder,Builder,Builder
santuario-java,SecurityTokenFactory,FactoryMethod,Singleton
accent,ControlledConnectionProxy,Proxy,Proxy
harmony-classlib,DragSourceEventProxy,Proxy,Adapter
ASEME,SRMFactoryImpl,AbstractFactory,AbstractFactory
refactoring_guru,MacOSFactory,AbstractFactory,AbstractFactory
fest-reflect,PostDecorator,Decorator,Decorator
flume_1,HelloWorldDecorator,Decorator,Decorator
harmony-classlib,AWTEventListenerProxy,Proxy,Facade
m2eclipse-extras,P2FacadeImpl,Facade,Proxy
TurtlePlayer,PreferencesObserver,Observer,Observer
jamendo-android,TrackDatabaseBuilder,Builder,Builder
Generic-Graph-View,GraphViewMappingFactoryImpl,AbstractFactory,AbstractFactory
harmony-classlib,ProxySelectorImpl,Proxy,Proxy
pcgen-svn,LevelCommandFactory,FactoryMethod,Singleton
playorm,IterProxy,Proxy,AbstractFactory
de-webapp,UserSessionServiceFacade,Facade,Observer
jamendo-android,ArtistBuilder,Builder,Builder
jbehave-core,FixedThreadExecutors,FactoryMethod,FactoryMethod
jbehave-core,ScalaStepsFactory,AbstractFactory,AbstractFactory
ocl,QuantitystructureFactory,AbstractFactory,AbstractFactory
pellet,DefaultRuleAtomVisitor,Visitor,Visitor
cdk,TemplateVisitor,Visitor,Visitor
hivedb,DirectoryFacade,Facade,Facade
Emma,IItemVisitor,Visitor,Visitor
pcgen-svn,TodoFacadeImpl,Facade,Facade
intellij-community,FileIndexFacade,Facade,Facade
harmony-classlib,PropertyChangeListenerProxy,Proxy,Proxy
DimSim,PopoutPanelProxy,Proxy,Observer
pcgen-svn,PartyFacadeImpl,Facade,Facade
cxf,ServiceWSDLBuilder,Builder,Builder
cdt,CEditorTextHoverProxy,Proxy,Proxy
BuildCraft,EnergyProxy,Proxy,Proxy
fafdtibb,FatNodeBuilderFactory,Builder,Builder
pcgen-svn,ManufacturableFactory,FactoryMethod,Singleton
OneSwarm,ResourcePrototype,Prototype,Prototype
hazelcast-cluster-monitor,QueuePageBuilder,Builder,Builder
platform,Axis2ConfigurationContextObserverImpl,Observer,Observer
pellet,NumericVisitor,Visitor,Visitor
petals-studio,Filetransfer2xFactory,AbstractFactory,AbstractFactory
ocl,UnresolvedFactory,AbstractFactory,AbstractFactory
pellet,PelletVisitor,Visitor,Visitor
biojava-legacy,SequenceBuilder,Builder,Builder
UK-Ejemplos,ObserverBuilder,Observer,Memento
eclipse.platform.debug,IElementMementoRequest,Memento,Memento
cxf,ArrayVisitor,Visitor,Builder
JavaDesignPatternExercises,IMemento,Memento,Memento
MPS,MappingsMemento,Memento,Memento
birt,MementoElement,Memento,Memento
wayback,ReplayParseEventDelegatorVisitor,Visitor,Visitor
Promasi-V2,StockSdObjectMemento,Memento,Memento
refactoring_guru,CarBuilder,Builder,Builder
jbehave-core,SpringApplicationContextFactory,FactoryMethod,FactoryMethod
fafdtibb,FuriousNodeBuilderFactory,Builder,Builder
Android-Simple-Social-Sharing,FacebookEventObserver,Observer,Observer
Dual-Battery-Widget,BillingObserver,Observer,Observer
pellet,FunctionApplicationVisitor,Visitor,Visitor
birt,Memento,Memento,Memento
ccw,ClojureBuilder,Builder,Builder
osate2-core,MemoryPrototypeImpl,Prototype,Prototype
platform,StatisticsAxis2ConfigurationContextObserver,Observer,Observer
dawn-ui,XYRegionMemento,Memento,Facade
Emma,IAttributeVisitor,Visitor,Visitor
helma,Prototype,Prototype,Prototype
harmony-classlib,BeanContextProxy,Proxy,Proxy
rap,XMLMemento,Memento,Memento
platform,BAMMediationStatisticsObserver,Observer,Observer
smsc-server,StatisticsObserver,Observer,Observer
platform,ActivityMediationStatisticsObserver,Observer,Observer
sablecc,MMacroCreatorPrototype,Prototype,Proxy
drools,Memento,Memento,Memento
java-patterns,RegistrationDAOAbstractFactory,AbstractFactory,AbstractFactory
osate2-core,FeaturePrototypeReferenceImpl,Prototype,Prototype
jbehave-core,AbstractStepsFactory,AbstractFactory,Builder
jbehave-core,GroovyStepsFactory,AbstractFactory,AbstractFactory
movsim,VehiclePrototype,Prototype,Singleton
liferay-portal,LayoutPrototypeWrapper,Prototype,Prototype
vogella,TotalObserver,Observer,Observer
wolips,EOPrototypeListLabelProvider,Prototype,Decorator
liferay-portal,LayoutPrototype,Prototype,Prototype
openejb,BasicSingletonBean,Singleton,Singleton
cdt,WorkbenchRunnableAdapter,Adapter,Decorator
spring-batch,ItemReaderAdapter,Adapter,Singleton
openejb,SingletonContainerBuilder,Singleton,Decorator
mongkie,TableDecoratorItem,Decorator,Decorator
magic-config,SingleTagDecorator,Decorator,Memento
intellij-community,NewInstanceOfSingletonInspection,Singleton,Proxy
molgenis_apps,DBIndexUpdateDecorator,Decorator,Decorator
hbase,CompatibilitySingletonFactory,Singleton,FactoryMethod
cdt,CElementDecorator,Decorator,Decorator
fest-reflect,PreDecorator,Decorator,Decorator
iBatisWorkShop,SingletonConnectionManager,Singleton,Singleton
de-webapp,AnalysisServiceFacade,Facade,Proxy
cdo,CDOItemProviderAdapter,Adapter,Facade
spring-batch,ItemWriterAdapter,Adapter,Proxy
AllBinary-Platform,GamePersistanceSingleton,Singleton,Singleton
frostwire-desktop,Decorator,Decorator,Decorator
cdo,CDOCommonEventAdapter,Adapter,Observer
cfeclipse,ConfigFileDecorator,Decorator,Decorator
openejb,SingletonContext,Singleton,Observer
pcgen-svn,GeneralChooserFacadeBase,Facade,Facade
pcgen-svn,InfoFactory,Facade,Facade
kodejava,Singleton,Singleton,Singleton
tapestry-bootstrap,EnvironmentBindingFactory,FactoryMethod,FactoryMethod
refactoring_guru,WindowsDialog,FactoryMethod,FactoryMethod
flume_1,MaskDecorator,Decorator,Decorator
cruisecontrol,PhingBuilder,Builder,Builder
jbehave-core,PrintStreamFactory,FactoryMethod,FactoryMethod
cxf,OperationVisitor,Visitor,Builder
molgenis_apps,MolgenisFileDecorator,Decorator,Decorator
cfeclipse,URLDecoratorManager,Decorator,Observer
pcgen-svn,CampaignInfoFactory,FactoryMethod,Facade
ccw,ClojureVisitor,Visitor,Visitor
emf.compare,DiffBuilder,Builder,Adapter
playorm,IterableProxy,Proxy,Proxy
cdk,BehaviorAdapter,Adapter,Adapter
pcgen-svn,ReferenceFacade,Facade,Facade
cdt,AbstractCExtensionProxy,Proxy,Facade
dozer,ClassMapBuilder,Builder,Builder
refactoring_guru,Builder,Builder,Builder
platform,AbstractPDPProxy,Proxy,Facade
cruisecontrol,RakeBuilder,Builder,Builder
cdt,IndexerASTVisitor,Visitor,Visitor
java-game-server,TCPPipelineFactory,FactoryMethod,FactoryMethod
harmony-classlib,ActionProxy,Proxy,Facade
cdk,SimpleVisitor,Visitor,Visitor
de-webapp,TemplateServiceFacade,Facade,Proxy
cxf,MultipleEndpointObserver,Observer,Observer
DimSim,DebugProxyHandler,Proxy,Singleton
petals-studio,JbiFactoryImpl,AbstractFactory,AbstractFactory
james,MimeMessageCopyOnWriteProxy,Proxy,Adapter
james,RestrictingRMISocketFactory,AbstractFactory,FactoryMethod
cdt,CDTViewerDropAdapter,Adapter,Adapter
platform,TransactionManagerAxis2ConfigurationContextObserver,Observer,Observer
maven-3,DefaultArtifactFactory,FactoryMethod,FactoryMethod
ant,TypeAdapter,Adapter,Proxy
biojava-legacy,SequenceBuilderFactory,FactoryMethod,Builder
frostwire-desktop,FrmProxy,Proxy,Proxy
pcgen-svn,KitFacade,Facade,Facade
LimeWire-Pirate-Edition,BTDiskManagerMementoImpl,Memento,Memento
jackrabbit,SingletonRepositoryFactory,Singleton,Singleton
pcgen-svn,ShowMessageConsoleObserver,Observer,Observer
cxf,SequenceVisitor,Visitor,Visitor
emergency-service-drools-app,ProcedureServiceFactory,FactoryMethod,Prototype
ecf,ServiceResourceFactory,FactoryMethod,FactoryMethod
Promasi-V2,FlowSdObjectMemento,Memento,Memento
spring-migration-analyzer,StubResultGatheringAnnotationVisitor,Visitor,Visitor
cdt,AsmModelBuilder,Builder,Builder
ASEME,SUCFactoryImpl,AbstractFactory,AbstractFactory
jamendo-android,RadioDatabaseBuilder,Builder,Builder
soapui,ResponseInspectorFactory,FactoryMethod,FactoryMethod
Promasi-V2,EmployeeTaskMemento,Memento,Memento
rap,IMemento,Memento,Memento
IDV,PrototypeManager,Prototype,Prototype
ecf,Proxy,Proxy,Memento
ocl,OCLinEcoreCSTFactoryImpl,AbstractFactory,AbstractFactory
ASEME,StatechartFactory,AbstractFactory,AbstractFactory
platform,TaskAxis2ConfigurationContextObserver,Observer,Singleton
rap,XMLMemento,Memento,Memento
cdo,ContainerEventAdapter,Adapter,Observer
Emma,IClassDefVisitor,Visitor,Visitor
activemq,BrokerFacade,Facade,Singleton
stratosphere,ExecutionObserver,Observer,Observer
platform,PaypalSOAPProxy,Proxy,Proxy
platform,ConfigurationContextObserverImpl,Observer,Builder
JagTrack,Prototype,Prototype,Proxy
java-patterns,RegistrationDAOFactory,AbstractFactory,AbstractFactory
Promasi-V2,GameModelMemento,Memento,Prototype
jabylon,UsersFactory,AbstractFactory,AbstractFactory
osate2-core,VirtualBusPrototypeImpl,Prototype,Prototype
jbehave-core,PicoStepsFactory,AbstractFactory,AbstractFactory
biojava-legacy,SearchBuilder,Builder,Visitor
AllBinary-Platform,ImageComparisonResultCacheSingleton,Singleton,Singleton
pcgen-svn,TodoFacade,Facade,Facade
liferay-portal,LayoutPrototypeLocalServiceWrapper,Prototype,Prototype
pcgen-svn,FacadeFactory,Facade,Facade
platform,EventAxis2ConfigurationContextObserver,Observer,Observer
swp1-teamhub,KommentarFacade,Facade,Facade
Promasi-V2,OutputSdObjectMemento,Memento,Memento
sslr,AstAndTokenVisitor,Visitor,Visitor
cxf,ExceptionVisitor,Visitor,Visitor
Emma,InstrVisitor,Visitor,Visitor
onebusaway-application-modules,ResourcePrototypeImpl,Prototype,Prototype
Promasi-V2,ProjectMemento,Memento,Decorator
pcgen-svn,TermEvaluatorBuilderEQVar,Builder,Builder
coala,PdqMessageBuilderImpl,Builder,Builder
computercraft-spout,Prototype,Prototype,Prototype
OneSwarm,ResourcePrototype,Prototype,Prototype
petals-studio,Filetransfer2xFactoryImpl,AbstractFactory,AbstractFactory
DimSim,RTMPCodecFactory,AbstractFactory,AbstractFactory
osate2-core,PrototypeBindingImpl,Prototype,Prototype
birt,MementoBuilder,Memento,Memento
platform,DiscoveryProxyObserver,Observer,Observer
SmartBIPrototype,SmartBIPrototype,Prototype,Observer
platform,Axis2ConfigurationContextObserverImpl,Observer,Observer
arquillian-extension-persistence,EventObserver,Observer,Observer
fuzzydb,AgeDecorator,Decorator,Decorator
sitemesh2,AbstractDecoratorMapper,Decorator,Decorator
jbehave-core,StepFailureDecoratorBehaviour,Decorator,Builder
mongkie,DecoratorLayout,Decorator,Observer
flume_1,LazyOpenDecorator,Decorator,Decorator
flume_1,MultiplierDecorator,Decorator,Decorator
maven-3,DefaultJavaToolchainFactory,FactoryMethod,FactoryMethod
api,ResourceReferenceFactory,FactoryMethod,FactoryMethod
cdo,CDODefsAdapterFactory,Adapter,FactoryMethod
pcgen-svn,TreeTableModelAdapter,Adapter,Memento
smsc-server,PropertiesUserManagerFactory,FactoryMethod,FactoryMethod
wayback,MementoReplayRendererDecorator,Decorator,Decorator
molgenis_apps,FlowcellDecorator,Decorator,Decorator
pellet,EntailmentQueryVisitor,Visitor,Visitor
cdt,CElementDecorator,Decorator,Decorator
jackrabbit,SingletonRepositoryFactory,Singleton,Singleton
DimSim,PopoutWindowProxy,Proxy,Proxy
pcgen-svn,DelegatingListFacade,Facade,Facade
cruisecontrol,ServerNameSingleton,Singleton,Facade
platform,SalesforceProxy,Proxy,Visitor
cxf,TypedefVisitor,Visitor,Visitor
cxf,TypesVisitor,Visitor,Visitor
cdk,ModelBuilder,Builder,Builder
de-webapp,DiskResourceServiceFacade,Facade,Builder
robo-remote,SoloSingleton,Singleton,Singleton
spring-migration-analyzer,StubResultGatheringMethodVisitor,Visitor,Visitor
Alitheia-Core,ProxyServlet,Proxy,Decorator
ant,Native2AsciiAdapter,Adapter,Visitor
teiid-designer,CustomDiagramActionAdapter,Adapter,Builder
dozer,DozerBuilder,Builder,Builder
jbehave-core,UserBuilder,Builder,Builder
SamyGo-Android-Remote,CSeriesKeyCodeSenderFactory,FactoryMethod,FactoryMethod
cxf,FixedVisitor,Visitor,Visitor
eclipse.platform.debug,MementoUpdate,Memento,Builder
modapi,Prototype,Prototype,Prototype
cdt,ControlFlowGraphBuilder,Builder,Builder
cucumber-jvm,SingletonFactory,Singleton,AbstractFactory
intellij-community,CodeFormatterFacade,Facade,Builder
cdo,IOVisitor,Visitor,Visitor
frostwire-desktop,ProxyData,Proxy,Proxy
frostwire-desktop,ProxyController,Proxy,Proxy
s4,PrototypeRequest,Prototype,Prototype
activemq,RemoteJMXBrokerFacade,Facade,Singleton
sslr,SymbolTableBuilderVisitor,Visitor,Visitor
osate2-core,ComponentPrototype,Prototype,Prototype
biomixer,TextSvgElementFactory,FactoryMethod,FactoryMethod
maven-cuke4duke-jump-start,WebDriverFacade,Facade,Singleton
birt,Memento,Memento,Memento
LimeWire-Pirate-Edition,InNetworkDownloadMementoImpl,Memento,Memento
biojava-legacy,SimpleAssemblyBuilder,Builder,Builder
cdk,Visitor,Visitor,Visitor
activemq,JobFacade,Facade,Facade
platform_frameworks_base,Singleton,Singleton,Singleton
ocl,CompleteOCLCSTFactory,AbstractFactory,AbstractFactory
jbehave-core,PicoAnnotationBuilder,Builder,Builder
java-patterns,MySQLRegistrationDAOFactory,AbstractFactory,AbstractFactory
eclipse.platform.ui,IMementoAware,Memento,Observer
Dual-Battery-Widget,BatteryLevelAdapter,Adapter,Facade
biomixer,JsDomSvgElementFactory,FactoryMethod,FactoryMethod
cdk,NormalizedStringAdapter,Adapter,Proxy
api,Singleton,Singleton,Singleton
jboss-aejb,SingletonAEjbHandler,Singleton,Singleton
fop,ElementListObserver,Observer,Observer
basiclti-portlet,PeoplesoftAdapter,Adapter,Adapter
cruisecontrol,XcodeBuilder,Builder,Builder
UK-Ejemplos,Observer,Observer,Observer
liferay-portal,LayoutPrototypeImpl,Prototype,Prototype
spring-migration-analyzer,DelegatingFieldVisitor,Visitor,Visitor
Generic-Graph-View,GraphViewStyleFactoryImpl,AbstractFactory,AbstractFactory
cdt,IListAdapter,Adapter,Observer
frostwire-desktop,HeaderMouseObserver,Observer,Proxy
wayback,QueryCaptureFilterGroupFactory,FactoryMethod,FactoryMethod
jbehave-core,GameObserver,Observer,Observer
cdo,CDOElementProxy,Proxy,Facade
spring-stringtemplate,StringTemplateDecoratorServlet,Decorator,Builder
pcgen-svn,SortedListFacade,Facade,Facade
pcgen-svn,ListFacades,Facade,Facade
wonder,ERPrototypes,Prototype,Memento
cdt,BinaryObjectAdapter,Adapter,Memento
platform,CSGAgentObserver,Observer,Memento
playorm,NoSqlProxy,Proxy,Singleton
harmony-classlib,DataProxy,Proxy,Proxy
wayback,MementoReplayRendererDecorator,Memento,Decorator
jbehave-core,CompositeStepsFactory,AbstractFactory,AbstractFactory
java-patterns,MySQLRegistrationDAOFactory,AbstractFactory,AbstractFactory
biomixer,UpdateResourceSetAvatarLabelFactory,FactoryMethod,FactoryMethod
AllBinary-Platform,UserEmailEventHandlerSingletons,Singleton,Singleton
gansenbang,PrototypeWrapper,Prototype,Singleton
iPage,IndexFactory,FactoryMethod,Proxy
refactoring_guru,HtmlDialog,FactoryMethod,FactoryMethod
cdt,DefaultVMModelProxyStrategy,Proxy,Proxy
bio_quiz,QuizFacade,Facade,Proxy
CS230-Software-Project,Observer,Observer,Observer
osate2-core,ProcessPrototypeImpl,Prototype,Prototype
spring-social-twitter,PlacePrototype,Prototype,Prototype
AxonFramework,SpringPrototypeAggregateFactory,Prototype,Prototype
jbehave-core,Embedder,Facade,Builder
hypergraphdb,CacheActionQueueSingleton,Singleton,Singleton
prevayler,Memento,Memento,Memento
maven-3,DefaultModelBuilder,Builder,Builder
LimeWire-Pirate-Edition,TorrentFileSystemMementoImpl,Memento,Memento
AllBinary-Platform,BufferedImagePoolSingleton,Singleton,Singleton
pellet,OntBuilder,Builder,Builder
jamendo-android,RadioBuilder,Builder,Builder
platform,CSGServiceObserver,Observer,Observer
LimeWire-Pirate-Edition,VirusDefinitionDownloadMemento,Memento,Memento
platform,DSAxis2ConfigurationContextObserver,Observer,Observer
ASEME,IACFactory,AbstractFactory,AbstractFactory
ocl,UnresolvedFactoryImpl,AbstractFactory,AbstractFactory
rap,MementoStateManager,Memento,Memento
prevayler,MementoManagerCommand,Memento,Memento
DimSim,RemotingCodecFactory,AbstractFactory,AbstractFactory
DimSim,RTMPMinaCodecFactory,AbstractFactory,AbstractFactory
smsc-server,MessageObserver,Observer,Observer
java-patterns,RegistrationDAOFactory,AbstractFactory,AbstractFactory
vogella,ElementObserver,Observer,Observer
cdt,CNavigatorProblemsLabelDecorator,Decorator,Observer
sslr,MatcherVisitor,Visitor,Visitor
basiclti-portlet,WimbaAdapter,Adapter,Adapter
BuildCraft,TransportProxy,Proxy,Proxy
basiclti-portlet,BasicLTIAdapterFactory,FactoryMethod,Adapter
cxf,VisitorBase,Visitor,Visitor
biomixer,FixedLabelResourceSetAvatarFactory,FactoryMethod,FactoryMethod
molgenis_apps,TaskDecorator,Decorator,Decorator
biomixer,SvgElementFactory,FactoryMethod,FactoryMethod
osate2-core,SubprogramGroupPrototypeImpl,Prototype,Prototype
cdt,ReferenceVisitor,Visitor,Visitor
api,SingletonProvider,Singleton,Builder
jbehave-core,SameThreadExecutors,FactoryMethod,FactoryMethod
pcgen-svn,SpellFacade,Facade,Facade
jbehave-core,WeldAnnotationBuilder,Builder,Builder
jbehave-core,StoryReporterBuilder,Builder,Builder
molgenis_apps,EditableTableDecorator,Decorator,Adapter
osate2-core,FeaturePrototypeImpl,Prototype,Prototype
jbehave-core,PatternVariantBuilder,Builder,Memento
maven-3,DefaultToolchainsBuilder,Builder,Builder
abdera,Singleton,Singleton,Prototype
pcgen-svn,SpellSupportFacade,Facade,Facade
mongkie,SimpleDefaultDecorator,Decorator,Facade
flume_1,ValueDecorator,Decorator,Decorator
biomixer,Memento,Memento,Memento
api,TCCLSingletonProvider,Singleton,Singleton
maven-3,ArtifactRepositoryFactory,FactoryMethod,FactoryMethod
Alice,QuestionPrototype,Prototype,FactoryMethod
orion.server,GitSshSessionFactory,FactoryMethod,Singleton
cdo,HSQLDBAdapter,Adapter,Adapter
cdk,LibraryBuilder,Builder,Builder
pcgen-svn,RaceFacade,Facade,Facade
geotoolkit-pending,GeometryProxy,Proxy,Memento
small-team-km-android-client,ActivitiesStackSingleton,Singleton,Proxy
LimeWire-Pirate-Edition,BTDownloadMementoImpl,Memento,Memento
jabylon,BasicMementoImpl,Memento,Memento
pellet,ATermVisitor,Visitor,Visitor
sslr,FirstVisitor,Visitor,Singleton
soapui,RestRequestPanelBuilder,Builder,Builder
AllBinary-Platform,GameConfigurationPersistanceSingleton,Singleton,Singleton
JavaDesignPatternExercises,Memento,Memento,Memento
see,LocalizedBigDecimalFactory,AbstractFactory,Prototype
hibernate,EntityConfigurationPrototype,Prototype,Singleton
jackrabbit,AccessControlObserver,Observer,Observer
DimSim,RTMPTCodecFactory,AbstractFactory,AbstractFactory
dozer,BaseSampleBeanFactory,FactoryMethod,FactoryMethod
activemq,SingletonBrokerFacade,Singleton,Facade
eclipse.platform.debug,MemoryViewElementMementoProvider,Memento,Visitor
cdt,ExternalEditorInputFactory,FactoryMethod,FactoryMethod
WhartonEventScheduler,PeopleCursorAdapter,Adapter,Builder
BuildCraft,CoreProxy,Proxy,Proxy
jbehave-core,EmbedderMonitorDecorator,Decorator,Builder
osate2-core,DevicePrototypeImpl,Prototype,Prototype
junit,TestSuiteVisitor,Visitor,Visitor
BuildCraft,FactoryProxy,Proxy,Proxy
pellet,AtomObjectVisitor,Visitor,Visitor
intellij-community,CachedSingletonsRegistry,Singleton,Proxy
osate2-core,Prototype,Prototype,Prototype
java-patterns,RegistrationDAOAbstractFactory,AbstractFactory,AbstractFactory
see,DoubleFactory,AbstractFactory,AbstractFactory
de-webapp,AbstractContextBuilder,Builder,Prototype
studio2,XMLMemento,Memento,Memento
activemq,DataManagerFacade,Facade,Facade
graph-collections,SpatialIndexVisitor,Visitor,Visitor
cdt,PDOMProxy,Proxy,Adapter
cdt,ModulesViewModelProxy,Proxy,Proxy
pcgen-svn,EquipmentListFacadeImpl,Facade,Facade
ant,ExtensionAdapter,Adapter,Memento
cdo,CDOElementProxyImpl,Proxy,Proxy
harmony-classlib,VetoableChangeListenerProxy,Proxy,Proxy
freemind,ReducedAttributeTableModelDecorator,Decorator,Decorator
basiclti-portlet,SakaiAdapter,Adapter,Adapter
jge3d,Observer,Observer,Observer
platform,Axis2ConfigurationContextObserverImpl,Observer,Observer
com.happyprog.tdgotchi,TamagotchiObserver,Observer,Observer
pcgen-svn,XPTableFacade,Facade,Facade
Generic-Graph-View,GraphViewMappingFactory,AbstractFactory,AbstractFactory
magic-config,TripleTagDecorator,Decorator,Decorator
liferay-portal,LayoutPrototypeBaseImpl,Prototype,Prototype
pcgen-svn,TermEvaluatorBuilderPCStat,Builder,Builder
osate2-core,FeatureGroupPrototypeImpl,Prototype,Prototype
cxf,RM11AssertionBuilder,Builder,Builder
cdk,FacetAdapter,Adapter,Adapter
ocl,AbapmappingFactoryImpl,AbstractFactory,AbstractFactory
JavaDesignPatternExercises,IObserver,Observer,Observer
zk,AbstractUiFactory,AbstractFactory,FactoryMethod
AllBinary-Platform,CurrentlyPressedTouchButtonSingleton,Singleton,Singleton
ChenSun,FailoverConnectionProxy,Proxy,Proxy
java-patterns,OracleRegistrationDAOFactory,AbstractFactory,AbstractFactory
jbehave-core,GameObserver,Observer,Observer
kodejava,Singleton,Singleton,Singleton
Generic-Graph-View,ColorMemento,Memento,Observer
soapui,EditorViewFactory,FactoryMethod,FactoryMethod
molgenis_apps,DataDecorator,Decorator,Decorator
LimeWire-Pirate-Edition,DownloadMemento,Memento,Memento
osate2-core,PrototypeImpl,Prototype,Prototype
jbehave-core,ParameterConverters,Facade,Builder
platform,AbstractSynapseObserver,Observer,Observer
pizzaapp,ConfigurationSingleton,Singleton,Singleton
platform,SecurityAxis2ConfigurationContextObserver,Observer,Observer
wayback,ParseEventDelegatorVisitor,Visitor,Visitor
molgenis_apps,MolgenisFileDecorator,Decorator,Decorator
cxf,EndpointReferenceDomainExpressionBuilder,Builder,Builder
cdt,DelegatingDropAdapter,Adapter,Adapter
HunApkNotifier,HunApkListAdapter,Adapter,Adapter
Promasi-V2,SdSystemMemento,Memento,Memento
cdk,ClassAdapter,Adapter,Prototype
platform,Axis2ConfigurationContextObserverImpl,Observer,Observer
platform,Axis2ConfigurationContextObserverImpl,Observer,Observer
activemq,DestinationFacade,Facade,Facade
infinitest,EclipseFacade,Facade,Adapter
geronimo,CORBAEJBMemento,Memento,Memento
jbehave-core,WeldStepsFactory,AbstractFactory,AbstractFactory
java-patterns,OracleRegistrationDAOFactory,AbstractFactory,AbstractFactory
magic-config,DecoratorFactory,FactoryMethod,FactoryMethod
pcgen-svn,CharacterFacadeImpl,Facade,Facade
